Samsung Galaxy S10+ 8/128,48 900,https://xn--80adxhks.xn---63-5cdesg4ei.xn--p1ai/catalog/telefony/sotovye-telefony/samsung-galaxy-s10+-8-128-2078000352151/
Samsung Galaxy S10 8/128,43 900,https://xn--80adxhks.xn---63-5cdesg4ei.xn--p1ai/catalog/telefony/sotovye-telefony/samsung-galaxy-s10-8-128-2086000687395/
Samsung Galaxy S10 8/128,36 000,https://xn--80adxhks.xn---63-5cdesg4ei.xn--p1ai/catalog/telefony/sotovye-telefony/samsung-galaxy-s10-8-128-2082000453091/
Samsung Galaxy S10e 6/128,34 500,https://xn--80adxhks.xn---63-5cdesg4ei.xn--p1ai/catalog/telefony/sotovye-telefony/samsung-galaxy-s10e-6-128-2020200126773/
Samsung Galaxy S10+ 8/128,41 000,https://xn--80adxhks.xn---63-5cdesg4ei.xn--p1ai/catalog/telefony/sotovye-telefony/samsung-galaxy-s10+-8-128-2020200121297/
Samsung Galaxy S10e 6/128,38 500,https://xn--80adxhks.xn---63-5cdesg4ei.xn--p1ai/catalog/telefony/sotovye-telefony/samsung-galaxy-s10e-6-128-2070000519664/
Samsung Galaxy S10+ 8/128,44 000,https://xn--80adxhks.xn---63-5cdesg4ei.xn--p1ai/catalog/telefony/sotovye-telefony/samsung-galaxy-s10+-8-128-2064000517959/
Samsung Galaxy S10+ 8/128,49 500,https://xn--80adxhks.xn---63-5cdesg4ei.xn--p1ai/catalog/telefony/sotovye-telefony/samsung-galaxy-s10+-8-128-2064000503822/
Samsung Galaxy S10+ 12/1024GB,65 000,https://xn--80adxhks.xn---63-5cdesg4ei.xn--p1ai/catalog/telefony/sotovye-telefony/samsung-galaxy-s10+-12-1024gb-2020200123147/
Samsung Galaxy S10 8/128,37 000,https://xn--80adxhks.xn---63-5cdesg4ei.xn--p1ai/catalog/telefony/sotovye-telefony/samsung-galaxy-s10-8-128-2082000441272/
Samsung Galaxy S10e 6/128,35 000,https://xn--80adxhks.xn---63-5cdesg4ei.xn--p1ai/catalog/telefony/sotovye-telefony/samsung-galaxy-s10e-6-128-2094000340400/
Samsung Galaxy S10e 6/128,30 000,https://xn--80adxhks.xn---63-5cdesg4ei.xn--p1ai/catalog/telefony/sotovye-telefony/samsung-galaxy-s10e-6-128-2012900303332/
Samsung Galaxy S10e 6/128,32 500,https://xn--80adxhks.xn---63-5cdesg4ei.xn--p1ai/catalog/telefony/sotovye-telefony/samsung-galaxy-s10e-6-128-2014900297802/
Samsung Galaxy S10 8/128,39 500,https://xn--80adxhks.xn---63-5cdesg4ei.xn--p1ai/catalog/telefony/sotovye-telefony/samsung-galaxy-s10-8-128-2082000479053/
Samsung Galaxy S10 8/128,40 000,https://xn--80adxhks.xn---63-5cdesg4ei.xn--p1ai/catalog/telefony/sotovye-telefony/samsung-galaxy-s10-8-128-2082000462765/
Samsung Galaxy S10e 6/128,30 000,https://xn--80adxhks.xn---63-5cdesg4ei.xn--p1ai/catalog/telefony/sotovye-telefony/samsung-galaxy-s10e-6-128-2064000545945/
Samsung Galaxy S10e 6/128,33 000,https://xn--80adxhks.xn---63-5cdesg4ei.xn--p1ai/catalog/telefony/sotovye-telefony/samsung-galaxy-s10e-6-128-2070000517240/
Samsung Galaxy S10 8/128,38 000,https://xn--80adxhks.xn---63-5cdesg4ei.xn--p1ai/catalog/telefony/sotovye-telefony/samsung-galaxy-s10-8-128-2017100283828/
Samsung Galaxy S10 8/128,38 000,https://xn--80adxhks.xn---63-5cdesg4ei.xn--p1ai/catalog/telefony/sotovye-telefony/samsung-galaxy-s10-8-128-2017100283828/
Samsung Galaxy S10 8/128,36 000,https://xn--80adxhks.xn---63-5cdesg4ei.xn--p1ai/catalog/telefony/sotovye-telefony/samsung-galaxy-s10-8-128-2010600347540/
Samsung Galaxy S10+ 8/128,40 900,https://xn--80adxhks.xn---63-5cdesg4ei.xn--p1ai/catalog/telefony/sotovye-telefony/samsung-galaxy-s10-8-128-(smg973f-ds)-2067000529168/
Samsung Galaxy S10 8/128,37 900,https://xn--80adxhks.xn---63-5cdesg4ei.xn--p1ai/catalog/telefony/sotovye-telefony/samsung-galaxy-s10-8-128-2010100409304/
Samsung Galaxy S10+ 8/128,39 000,https://xn--80adxhks.xn---63-5cdesg4ei.xn--p1ai/catalog/telefony/sotovye-telefony/samsung-galaxy-s10+-8-128-2070000547247/
Samsung Galaxy S10+ 8/128,51 900,https://xn--80adxhks.xn---63-5cdesg4ei.xn--p1ai/catalog/telefony/sotovye-telefony/samsung-galaxy-s10+-8-128-2019200084312/
Samsung Galaxy S10 8/128,34 000,https://xn--80adxhks.xn---63-5cdesg4ei.xn--p1ai/catalog/telefony/sotovye-telefony/samsung-galaxy-s10-8-128-(smg973f-ds)-2029400048076/
Samsung Galaxy S10e 6/128,28 500,https://xn--80adxhks.xn---63-5cdesg4ei.xn--p1ai/catalog/telefony/sotovye-telefony/samsung-galaxy-s10e-6-128-2070000544246/
Samsung Galaxy S10e 6/128,29 900,https://xn--80adxhks.xn---63-5cdesg4ei.xn--p1ai/catalog/telefony/sotovye-telefony/samsung-galaxy-s10e-6-128-2014900337478/
